"PubSID","Name"
"0035919585","Membrane chromatography"
"0025978976","Antibody Gene Cloning"
"0025978976","Genetically Engineered Antibodies"
"0025978976","Hybridoma Cell Cultures"
"0025978976","Human Monoclonal Antibody Production"
"0025978976","Variable-Domain Gene Repertoires"
"0025978976","Antigen-Binding Fragment Production"
"0026082050","Antigen-antibody Reactions"
"0026082050","Urogenital System"
"0026082050","Physiology"
"0026082050","Antigens"
"0026082050","Antibodies"
"0026082050","Spermatozoa"
"0026082050","Germ Cells"
"0026082050","Ovum"
"0026082050","Genitalia"
"0026082050","Immunologic Factors"
"0026082050","Research Report"
"0026082050","Biology"
"0026082050","Immunity"
"0001206491","MICROSCOPY, ELECTRON"
"0001206491","CULTURE MEDIA"
"0001206491","CHILD"
"0001206491","TISSUE CULTURE"
"0001206491","LEUKEMIA"
"0001206491","LYMPHOCYTES"
"0003165976","PURPURA, THROMBOPENIC/case reports"
"0003165976","LEUKEMIA, LYMPHOCYTIC/case reports"
"0026617131","Breakthrough Curves"
"0026617131","Pyruvate Decarboxylase"
"0026617131","Fast Protein Chromatography"
"0026617131","Formate Dehydrogenase"
"0026617131","Chromatographic Separation"
"0026617131","Microporous Membranes"
"0032006744","Synthetic membranes"
"0032006744","Ion exchange chromatography"
"0029394929","Protein A immunoaffinity hollow fiber membranes"
"0029394929","Immunoadsorption"
"0029394929","Synthetic membranes"
"0029394929","Microporous hollow fibers"
"0029394929","Protein separation"
"0029394929","Immunoaffinity adsorption"
"0029394929","Immunoglobulin G"
"0029672753","Single solute Langmuir kinetics"
"0029672753","Protein G affinity membrane"
"0029672753","Batch incubation"
"0029672753","Bovine immunoglobulin G"
"0029672753","Elution"
"0029672753","Feed solution concentration"
"0029672753","Breakthrough curves"
"0028519528","Chitosan"
"0028519528","Microporous membranes"
"0028519528","Hydroxyl groups"
"0028519528","Sulfonated poly ethersulfone"
"0028519528","Affinity membranes"
"0032582106","Ethylene glycol diglycidyl ether"
"0032582106","Cytochrome"
"0032582106","Chitosan"
"0032582106","Sodium phosphate"
"0032582106","Ovalbumin"
"0032582106","Human serum albumin"
"0032582106","Lysozyme"
"0033084125","Convective interaction media (CIM)"
"0029652922","Research Methodology"
"0029652922","Hiv Infections"
"0029652922","Research Report"
"0029652922","Diseases"
"0029652922","Clinical Research"
"0029652922","Viral Diseases"
"0029652922","Vaccines"
"0029652922","Acquired Immunodeficiency Syndrome--prevention and control"
"0029652922","Animals, Laboratory"
"0024061316","IL-2 Antibody Secretion"
"0024061316","Biochemical Messengers"
"0024061316","T Cell Antigen Receptors"
"0024061316","T Cell Activation"
"78651010566","FOLIC ACID/antagonist"
"78651010566","LEUKEMIA"
"0011063954","AGGLUTINATION"
"0011063954","ERYTHROCYTES"
"70449158340","LIPIDS/determination"
"0005984244","TRANSPLANTATION"
"0001139633","MAXILLARY NEOPLASMS"
"0001139633","HISTOLOGICAL TECHNICS"
"0001139633","NIGERIA"
"0001139633","LYMPHOCYTES"
"0001139633","MEDICINE IN ART"
"0001139633","LYMPHOMA"
"0001139633","PLANT AGGLUTININS"
"0001139633","ADOLESCENCE"
"0001139633","CHILD"
"0001139633","TISSUE CULTURE"
"0001139633","BURKITT'S LYMPHOMA"
"0001139633","PATHOLOGY"
"0001139633","MANDIBULAR NEOPLASMS"
"0001139633","NEOPLASM DIAGNOSIS"
"0027109248","Glycoproteins"
"0027109248","Epitope tag"
"0027109248","Peptide sequence"
"0027109248","Complex biomolecules"
"0027109248","Solubility screen"
"0026240806","Software Package SPRUCE"
"0026240806","Software Package CEDAR"
"0026240806","PHIGS"
"0026240806","Software Package RIBBONS 2.0"
"0026240806","Software Package XPLOR"
"0026240806","Silicon Graphics 4D Series Workstations"
"17944380435","Angstrom resolutions"
"0034734973","Recombinant antibodies"
"0034734973","Phage display"
"0034734973","Tumor targeting"
"0030817279","Non-programmatic"
"0034690581","Oxidative stress"
"0034690581","Glutathione"
"0034690581","Heterologous protein secretion"
"0023160311","Male"
"0023160311","Humans"
"0023160311","Transplantation, Homologous"
"0023160311","Bone Marrow Transplantation"
"0023160311","Combined Modality Therapy"
"0023160311","Prognosis"
"0023160311","Remission Induction"
"0023160311","Models, Biological"
"0023160311","Leukemia, Lymphoid"
"0023160311","Female"
"0023160311","Graft vs Host Disease"
"0023160311","Follow-Up Studies"
"0023160311","Graft Survival"
"0023160311","Transplantation, Autologous"
"0023160311","Adolescent"
"76549252207","PROTEINS"
"0025763452","Urogenital System"
"0025763452","Immunity"
"0025763452","Clinical Research"
"0025763452","Antibodies"
"0025763452","Animals, Laboratory"
"0025763452","Reproduction"
"0025763452","Spermatozoa"
"0025763452","Physiology"
"0025763452","Research Methodology"
"0025763452","Germ Cells"
"0025763452","Cytologic Effects"
"0025763452","Laboratory Examinations And Diagnoses"
"0025763452","Measurement"
"0025763452","Genitalia"
"0025763452","Immunologic Factors"
"0025763452","Examinations And Diagnoses"
"0025763452","Biology"
"0025763452","Fertilization"
"0000409586","HEMOGLOBIN/metabolism"
"0000409586","ERYTHROCYTES/metabolism"
"78651196598","SPECTROPHOTOMETRY"
"78651196598","OVALBUMIN"
"78651196598","BIOTIN"
"78651196598","CHEMISTRY"
"78651196598","EXPERIMENTAL LAB STUDY"
"78651196598","DYES"
"0002384347","PHYSIOLOGY"
"0002384347","MICE"
"0002384347","PARALYSIS"
"0002384347","EXPERIMENTAL LAB STUDY"
"0002384347","IMMUNIZATION"
"0344052879","ANTIGEN-ANTIBODY REACTIONS"
"0344052879","GAMMA GLOBULIN"
"0344052879","RADIATION IMMUNOLOGY"
"0344052879","TRANSPLANTATION IMMUNOLOGY"
"0344052879","IODINE ISOTOPES"
"0344052879","FREUND'S ADJUVANT"
"0344052879","MICE"
"0344052879","SPLEEN"
"0344052879","IMMUNE SERUMS"
"0344052879","SERUM ALBUMIN, BOVINE"
"0344052879","EXPERIMENTAL LAB STUDY"
"0000017699","ANTIGEN-ANTIBODY REACTIONS"
"0001306928","PROTEIN-BOUND IODINE TEST"
"0001306928","GUINEA PIGS"
"0001306928","RABBITS"
"0001306928","ANTIBODIES"
"0001306928","PEPSIN"
"0001306928","URINE"
"0001306928","PROTEIN METABOLISM"
"0001306928","GAMMA GLOBULIN, 7S"
"0001306928","EXPERIMENTAL LAB STUDY"
"0001306928","PAPAIN"
"0001306928","MICE"
"78651140144","SWINE"
"78651140144","ELECTROPHORESIS"
"78651140144","SPECTROPHOTOMETRY"
"78651140144","CARBOXYPEPTIDASES"
"78651140144","CATTLE"
"78651140144","PHYSIOLOGY, COMPARATIVE"
"78651140144","EXPERIMENTAL LAB STUDY"
"78651140144","CHROMATOGRAPHY"
"78651140144","PANCREAS"
"0028455028","Cancer chemotherapy"
"0028455028","Convert prodrug"
"0028455028","Methotrexate"
"0028455028","Organ seeking liposomes"
"0028455028","Enzyme monoclonal antibody conjugate"
"0028455028","Tumor targeting"
"0000452622","PROTEINS"
"0000452622","HISTAMINE LIBERATION"
"0000452622","TEMPERATURE"
"0000452622","HYPERSENSITIVITY"
"0000452622","PHARMACOLOGY"
"0000452622","HYDROGEN-ION CONCENTRATION"
"0000452622","MAGNESIUM"
"0000452622","LEUKOCYTES"
"0000452622","POLLEN"
"0000452622","CALCIUM"
"0000452622","EXPERIMENTAL LAB STUDY"
"0000452622","ANTIGENS"
"0001529751","FLUORESCENT ANTIBODY TECHNIC"
"0001529751","HAPTENS"
"0001529751","ANTIGEN-ANTIBODY REACTIONS"
"0001529751","EXPERIMENTAL LAB STUDY"
"0023854865","HYBRIDOMA CELLS"
"0023854865","MURINE MONOCLONAL ANTIBODIES"
"0023854865","MYELOMA CELLS"
"0023854865","B LYMPHOCYTES"
"0023854865","MASTER CELL BANK"
"77049284622","TWINS"
"77049284622","KIDNEYS/transplantation"
"0345615911","MERCAPTOPURINE/related compounds"
"0345615911","KIDNEY/transplantation"
"0001082014","RADIATION INJURY/therapy"
"0001082014","BONE MARROW/transplantation"
"0001082014","LEUKEMIA/radiotherapy"
"0001082014","RADIATION PROTECTION"
"73649153279","ACTINOMYCIN"
"73649153279","KIDNEY TRANSPLANTATION"
"73649153279","PREDNISONE"
"73649153279","MERCAPTOPURINE"
"73649153279","AZASERINE"
"73649153279","IMIDAZOLES"
"77956127888","SOMATOTROPIN"
"77956127888","CHLORAMINES"
"77956127888","IODINE ISOTOPES"
"77956127888","SODIUM"
"77956127888","CHEMISTRY"
"77956127888","IODIDES"
"77956127888","EXPERIMENTAL LAB STUDY"
"0040593632","TRANSPLANTATION IMMUNOLOGY"
"0040593632","MICE"
"0040593632","ANTIGEN-ANTIBODY REACTIONS"
"0040593632","CHROMIUM ISOTOPES"
"0040593632","EXPERIMENTAL LAB STUDY"
"0345696333","PREDNISOLONE/therapy"
"0345696333","LEUKEMIA/therapy"
"0345696332","LEUKEMIA, LYMPHOCYTIC"
"0345696332","RADIOTHERAPY"
"0345696332","ANEMIA, HEMOLYTIC"
"0345696332","PREDNISONE"
"0345696332","BETAMETHASONE"
"0345696332","GERIATRICS"
"0345696332","DEXAMETHASONE"
"0345696332","TRIAMCINOLONE"
"0345696332","MECHLORETHAMINE"
"0345696332","THROMBOPENIA"
"0345696332","PHARMACOLOGY"
"0345696332","MERCAPTOPURINE"
"0345696332","CHLORAMBUCIL"
"0345696332","LYMPHOSARCOMA"
"0345696332","METHYLPREDNISOLONE"
"0027609916","Molecular graphics"
"0027609916","Hardware lighting"
"0027609916","Secondary structure"
"0027609916","Lighted solid models"
"0027609916","Macromolecules"
"0027609916","SETOR program"
"0027609916","Solid models"
"84883833623","HAMSTERS"
"84883833623","L CELLS"
"84883833623","CULTURE MEDIA"
"84883833623","CELL DIVISION"
"84883833623","TISSUE CULTURE"
"84883833623","OVARY"
"84883833623","MICE"
"84883833623","EXPERIMENTAL LAB STUDY"
"84883833623","METABOLISM"
"84959802900","Humans"
"84959802900","Animals"
"84959802900","Bone Marrow Transplantation"
"84959802900","Bone Marrow"
"84959802900","Haplorhini"
"84959802900","Radiation Effects"
"26844556724","TISSUE BANKS"
"26844556724","BONE MARROW TRANSPLANTATION"
"26844556724","TRANSPLANTATION"
"26844556724","RADIATION INJURY, EXPERIMENTAL"
"26844556724","TRANSPLANTATION IMMUNOLOGY"
"26844556724","LYMPH NODES"
"26844556724","EXPERIMENTAL LAB STUDY"
"26844556724","MICE"
"0000863923","BLOOD VOLUME"
